N,epsilon,method,beta,lambda,sigma_sq,mse,loss,hyperparams
5000,1,private,[0.6122003 1.9171834 2.9333975],0.6780892014503479,1.4630067348480225,1.7182844082560291,1.270226001739502,"{'constraint': 78.82690210337317, 'minibatch_size': 24, 'num_iters': 3495, 'lipschitz': 0.20817578737439663}"
